source,election_id,state,place,reporting_level,jurisdiction,votes,votes_type,contest_start_date,contest_election_type,contest_result_type,contest_special,contest_office,contest_name,contest_primary_party,office_state,office_county,office_place,office_name,office_district,candidate_full_name,ballot_measure_full_name,ballot_measure_value,retention_full_name,retention_value
20030401__il__municipal_runoffs__precinct.json,il-chicago-2003-04-01-runoff,IL,Chicago,municipal_district,ward 1,3717,,2003-04-01T00:00:00.000Z,runoff,certified,false,ObjectId(564ab3b011956859da245cf2),,,IL,,Chicago,Alderman,Ward 1,JESSE D. GRANATO,,,,
20030401__il__municipal_runoffs__precinct.json,il-chicago-2003-04-01-runoff,IL,Chicago,municipal_district,ward 1,5290,,2003-04-01T00:00:00.000Z,runoff,certified,false,ObjectId(564ab3b011956859da245cf2),,,IL,,Chicago,Alderman,Ward 1,"MANUEL ""MANNY"" FLORES",,,,
20030401__il__municipal_runoffs__precinct.json,il-chicago-2003-04-01-runoff,IL,Chicago,precinct,ward 1 precinct 1,98,,2003-04-01T00:00:00.000Z,runoff,certified,false,ObjectId(564ab3b011956859da245cf2),,,IL,,Chicago,Alderman,Ward 1,"MANUEL ""MANNY"" FLORES",,,,
20030401__il__municipal_runoffs__precinct.json,il-chicago-2003-04-01-runoff,IL,Chicago,precinct,ward 1 precinct 2,160,,2003-04-01T00:00:00.000Z,runoff,certified,false,ObjectId(564ab3b011956859da245cf2),,,IL,,Chicago,Alderman,Ward 1,"MANUEL ""MANNY"" FLORES",,,,
20030401__il__municipal_runoffs__precinct.json,il-chicago-2003-04-01-runoff,IL,Chicago,precinct,ward 1 precinct 3,132,,2003-04-01T00:00:00.000Z,runoff,certified,false,ObjectId(564ab3b011956859da245cf2),,,IL,,Chicago,Alderman,Ward 1,"MANUEL ""MANNY"" FLORES",,,,
20030401__il__municipal_runoffs__precinct.json,il-chicago-2003-04-01-runoff,IL,Chicago,precinct,ward 1 precinct 4,146,,2003-04-01T00:00:00.000Z,runoff,certified,false,ObjectId(564ab3b011956859da245cf2),,,IL,,Chicago,Alderman,Ward 1,"MANUEL ""MANNY"" FLORES",,,,
20030401__il__municipal_runoffs__precinct.json,il-chicago-2003-04-01-runoff,IL,Chicago,precinct,ward 1 precinct 5,119,,2003-04-01T00:00:00.000Z,runoff,certified,false,ObjectId(564ab3b011956859da245cf2),,,IL,,Chicago,Alderman,Ward 1,"MANUEL ""MANNY"" FLORES",,,,
20030401__il__municipal_runoffs__precinct.json,il-chicago-2003-04-01-runoff,IL,Chicago,precinct,ward 1 precinct 6,142,,2003-04-01T00:00:00.000Z,runoff,certified,false,ObjectId(564ab3b011956859da245cf2),,,IL,,Chicago,Alderman,Ward 1,"MANUEL ""MANNY"" FLORES",,,,
20030401__il__municipal_runoffs__precinct.json,il-chicago-2003-04-01-runoff,IL,Chicago,precinct,ward 1 precinct 7,128,,2003-04-01T00:00:00.000Z,runoff,certified,false,ObjectId(564ab3b011956859da245cf2),,,IL,,Chicago,Alderman,Ward 1,"MANUEL ""MANNY"" FLORES",,,,
20030401__il__municipal_runoffs__precinct.json,il-chicago-2003-04-01-runoff,IL,Chicago,precinct,ward 1 precinct 8,126,,2003-04-01T00:00:00.000Z,runoff,certified,false,ObjectId(564ab3b011956859da245cf2),,,IL,,Chicago,Alderman,Ward 1,"MANUEL ""MANNY"" FLORES",,,,
20030401__il__municipal_runoffs__precinct.json,il-chicago-2003-04-01-runoff,IL,Chicago,precinct,ward 1 precinct 9,169,,2003-04-01T00:00:00.000Z,runoff,certified,false,ObjectId(564ab3b011956859da245cf2),,,IL,,Chicago,Alderman,Ward 1,"MANUEL ""MANNY"" FLORES",,,,
20030401__il__municipal_runoffs__precinct.json,il-chicago-2003-04-01-runoff,IL,Chicago,precinct,ward 1 precinct 10,86,,2003-04-01T00:00:00.000Z,runoff,certified,false,ObjectId(564ab3b011956859da245cf2),,,IL,,Chicago,Alderman,Ward 1,"MANUEL ""MANNY"" FLORES",,,,
20030401__il__municipal_runoffs__precinct.json,il-chicago-2003-04-01-runoff,IL,Chicago,precinct,ward 1 precinct 11,160,,2003-04-01T00:00:00.000Z,runoff,certified,false,ObjectId(564ab3b011956859da245cf2),,,IL,,Chicago,Alderman,Ward 1,"MANUEL ""MANNY"" FLORES",,,,
20030401__il__municipal_runoffs__precinct.json,il-chicago-2003-04-01-runoff,IL,Chicago,precinct,ward 1 precinct 12,103,,2003-04-01T00:00:00.000Z,runoff,certified,false,ObjectId(564ab3b011956859da245cf2),,,IL,,Chicago,Alderman,Ward 1,"MANUEL ""MANNY"" FLORES",,,,
20030401__il__municipal_runoffs__precinct.json,il-chicago-2003-04-01-runoff,IL,Chicago,precinct,ward 1 precinct 13,142,,2003-04-01T00:00:00.000Z,runoff,certified,false,ObjectId(564ab3b011956859da245cf2),,,IL,,Chicago,Alderman,Ward 1,"MANUEL ""MANNY"" FLORES",,,,
20030401__il__municipal_runoffs__precinct.json,il-chicago-2003-04-01-runoff,IL,Chicago,precinct,ward 1 precinct 14,156,,2003-04-01T00:00:00.000Z,runoff,certified,false,ObjectId(564ab3b011956859da245cf2),,,IL,,Chicago,Alderman,Ward 1,"MANUEL ""MANNY"" FLORES",,,,
20030401__il__municipal_runoffs__precinct.json,il-chicago-2003-04-01-runoff,IL,Chicago,precinct,ward 1 precinct 15,83,,2003-04-01T00:00:00.000Z,runoff,certified,false,ObjectId(564ab3b011956859da245cf2),,,IL,,Chicago,Alderman,Ward 1,"MANUEL ""MANNY"" FLORES",,,,
20030401__il__municipal_runoffs__precinct.json,il-chicago-2003-04-01-runoff,IL,Chicago,precinct,ward 1 precinct 16,87,,2003-04-01T00:00:00.000Z,runoff,certified,false,ObjectId(564ab3b011956859da245cf2),,,IL,,Chicago,Alderman,Ward 1,"MANUEL ""MANNY"" FLORES",,,,
20030401__il__municipal_runoffs__precinct.json,il-chicago-2003-04-01-runoff,IL,Chicago,precinct,ward 1 precinct 17,136,,2003-04-01T00:00:00.000Z,runoff,certified,false,ObjectId(564ab3b011956859da245cf2),,,IL,,Chicago,Alderman,Ward 1,"MANUEL ""MANNY"" FLORES",,,,
20030401__il__municipal_runoffs__precinct.json,il-chicago-2003-04-01-runoff,IL,Chicago,precinct,ward 1 precinct 18,138,,2003-04-01T00:00:00.000Z,runoff,certified,false,ObjectId(564ab3b011956859da245cf2),,,IL,,Chicago,Alderman,Ward 1,"MANUEL ""MANNY"" FLORES",,,,
20030401__il__municipal_runoffs__precinct.json,il-chicago-2003-04-01-runoff,IL,Chicago,precinct,ward 1 precinct 19,112,,2003-04-01T00:00:00.000Z,runoff,certified,false,ObjectId(564ab3b011956859da245cf2),,,IL,,Chicago,Alderman,Ward 1,"MANUEL ""MANNY"" FLORES",,,,
20030401__il__municipal_runoffs__precinct.json,il-chicago-2003-04-01-runoff,IL,Chicago,precinct,ward 1 precinct 20,178,,2003-04-01T00:00:00.000Z,runoff,certified,false,ObjectId(564ab3b011956859da245cf2),,,IL,,Chicago,Alderman,Ward 1,"MANUEL ""MANNY"" FLORES",,,,
20030401__il__municipal_runoffs__precinct.json,il-chicago-2003-04-01-runoff,IL,Chicago,precinct,ward 1 precinct 21,185,,2003-04-01T00:00:00.000Z,runoff,certified,false,ObjectId(564ab3b011956859da245cf2),,,IL,,Chicago,Alderman,Ward 1,"MANUEL ""MANNY"" FLORES",,,,
20030401__il__municipal_runoffs__precinct.json,il-chicago-2003-04-01-runoff,IL,Chicago,precinct,ward 1 precinct 22,120,,2003-04-01T00:00:00.000Z,runoff,certified,false,ObjectId(564ab3b011956859da245cf2),,,IL,,Chicago,Alderman,Ward 1,"MANUEL ""MANNY"" FLORES",,,,
20030401__il__municipal_runoffs__precinct.json,il-chicago-2003-04-01-runoff,IL,Chicago,precinct,ward 1 precinct 23,166,,2003-04-01T00:00:00.000Z,runoff,certified,false,ObjectId(564ab3b011956859da245cf2),,,IL,,Chicago,Alderman,Ward 1,"MANUEL ""MANNY"" FLORES",,,,
20030401__il__municipal_runoffs__precinct.json,il-chicago-2003-04-01-runoff,IL,Chicago,precinct,ward 1 precinct 24,147,,2003-04-01T00:00:00.000Z,runoff,certified,false,ObjectId(564ab3b011956859da245cf2),,,IL,,Chicago,Alderman,Ward 1,"MANUEL ""MANNY"" FLORES",,,,
20030401__il__municipal_runoffs__precinct.json,il-chicago-2003-04-01-runoff,IL,Chicago,precinct,ward 1 precinct 25,123,,2003-04-01T00:00:00.000Z,runoff,certified,false,ObjectId(564ab3b011956859da245cf2),,,IL,,Chicago,Alderman,Ward 1,"MANUEL ""MANNY"" FLORES",,,,
20030401__il__municipal_runoffs__precinct.json,il-chicago-2003-04-01-runoff,IL,Chicago,precinct,ward 1 precinct 26,122,,2003-04-01T00:00:00.000Z,runoff,certified,false,ObjectId(564ab3b011956859da245cf2),,,IL,,Chicago,Alderman,Ward 1,"MANUEL ""MANNY"" FLORES",,,,
20030401__il__municipal_runoffs__precinct.json,il-chicago-2003-04-01-runoff,IL,Chicago,precinct,ward 1 precinct 27,182,,2003-04-01T00:00:00.000Z,runoff,certified,false,ObjectId(564ab3b011956859da245cf2),,,IL,,Chicago,Alderman,Ward 1,"MANUEL ""MANNY"" FLORES",,,,
20030401__il__municipal_runoffs__precinct.json,il-chicago-2003-04-01-runoff,IL,Chicago,precinct,ward 1 precinct 28,144,,2003-04-01T00:00:00.000Z,runoff,certified,false,ObjectId(564ab3b011956859da245cf2),,,IL,,Chicago,Alderman,Ward 1,"MANUEL ""MANNY"" FLORES",,,,
20030401__il__municipal_runoffs__precinct.json,il-chicago-2003-04-01-runoff,IL,Chicago,precinct,ward 1 precinct 29,121,,2003-04-01T00:00:00.000Z,runoff,certified,false,ObjectId(564ab3b011956859da245cf2),,,IL,,Chicago,Alderman,Ward 1,"MANUEL ""MANNY"" FLORES",,,,
20030401__il__municipal_runoffs__precinct.json,il-chicago-2003-04-01-runoff,IL,Chicago,precinct,ward 1 precinct 30,191,,2003-04-01T00:00:00.000Z,runoff,certified,false,ObjectId(564ab3b011956859da245cf2),,,IL,,Chicago,Alderman,Ward 1,"MANUEL ""MANNY"" FLORES",,,,
20030401__il__municipal_runoffs__precinct.json,il-chicago-2003-04-01-runoff,IL,Chicago,precinct,ward 1 precinct 31,114,,2003-04-01T00:00:00.000Z,runoff,certified,false,ObjectId(564ab3b011956859da245cf2),,,IL,,Chicago,Alderman,Ward 1,"MANUEL ""MANNY"" FLORES",,,,
20030401__il__municipal_runoffs__precinct.json,il-chicago-2003-04-01-runoff,IL,Chicago,precinct,ward 1 precinct 32,87,,2003-04-01T00:00:00.000Z,runoff,certified,false,ObjectId(564ab3b011956859da245cf2),,,IL,,Chicago,Alderman,Ward 1,"MANUEL ""MANNY"" FLORES",,,,
20030401__il__municipal_runoffs__precinct.json,il-chicago-2003-04-01-runoff,IL,Chicago,precinct,ward 1 precinct 33,168,,2003-04-01T00:00:00.000Z,runoff,certified,false,ObjectId(564ab3b011956859da245cf2),,,IL,,Chicago,Alderman,Ward 1,"MANUEL ""MANNY"" FLORES",,,,
20030401__il__municipal_runoffs__precinct.json,il-chicago-2003-04-01-runoff,IL,Chicago,precinct,ward 1 precinct 34,66,,2003-04-01T00:00:00.000Z,runoff,certified,false,ObjectId(564ab3b011956859da245cf2),,,IL,,Chicago,Alderman,Ward 1,"MANUEL ""MANNY"" FLORES",,,,
20030401__il__municipal_runoffs__precinct.json,il-chicago-2003-04-01-runoff,IL,Chicago,precinct,ward 1 precinct 35,71,,2003-04-01T00:00:00.000Z,runoff,certified,false,ObjectId(564ab3b011956859da245cf2),,,IL,,Chicago,Alderman,Ward 1,"MANUEL ""MANNY"" FLORES",,,,
20030401__il__municipal_runoffs__precinct.json,il-chicago-2003-04-01-runoff,IL,Chicago,precinct,ward 1 precinct 36,223,,2003-04-01T00:00:00.000Z,runoff,certified,false,ObjectId(564ab3b011956859da245cf2),,,IL,,Chicago,Alderman,Ward 1,"MANUEL ""MANNY"" FLORES",,,,
20030401__il__municipal_runoffs__precinct.json,il-chicago-2003-04-01-runoff,IL,Chicago,precinct,ward 1 precinct 37,127,,2003-04-01T00:00:00.000Z,runoff,certified,false,ObjectId(564ab3b011956859da245cf2),,,IL,,Chicago,Alderman,Ward 1,"MANUEL ""MANNY"" FLORES",,,,
20030401__il__municipal_runoffs__precinct.json,il-chicago-2003-04-01-runoff,IL,Chicago,precinct,ward 1 precinct 38,87,,2003-04-01T00:00:00.000Z,runoff,certified,false,ObjectId(564ab3b011956859da245cf2),,,IL,,Chicago,Alderman,Ward 1,"MANUEL ""MANNY"" FLORES",,,,
20030401__il__municipal_runoffs__precinct.json,il-chicago-2003-04-01-runoff,IL,Chicago,precinct,ward 1 precinct 39,160,,2003-04-01T00:00:00.000Z,runoff,certified,false,ObjectId(564ab3b011956859da245cf2),,,IL,,Chicago,Alderman,Ward 1,"MANUEL ""MANNY"" FLORES",,,,
20030401__il__municipal_runoffs__precinct.json,il-chicago-2003-04-01-runoff,IL,Chicago,precinct,ward 1 precinct 40,85,,2003-04-01T00:00:00.000Z,runoff,certified,false,ObjectId(564ab3b011956859da245cf2),,,IL,,Chicago,Alderman,Ward 1,"MANUEL ""MANNY"" FLORES",,,,
20030401__il__municipal_runoffs__precinct.json,il-chicago-2003-04-01-runoff,IL,Chicago,municipal_district,ward 6,4161,,2003-04-01T00:00:00.000Z,runoff,certified,false,ObjectId(564ab3b011956859da245cf7),,,IL,,Chicago,Alderman,Ward 6,WILLYE B. WHITE,,,,
20030401__il__municipal_runoffs__precinct.json,il-chicago-2003-04-01-runoff,IL,Chicago,municipal_district,ward 6,5193,,2003-04-01T00:00:00.000Z,runoff,certified,false,ObjectId(564ab3b011956859da245cf7),,,IL,,Chicago,Alderman,Ward 6,FREDDRENNA M. LYLE,,,,
20030401__il__municipal_runoffs__precinct.json,il-chicago-2003-04-01-runoff,IL,Chicago,precinct,ward 6 precinct 1,107,,2003-04-01T00:00:00.000Z,runoff,certified,false,ObjectId(564ab3b011956859da245cf7),,,IL,,Chicago,Alderman,Ward 6,FREDDRENNA M. LYLE,,,,
20030401__il__municipal_runoffs__precinct.json,il-chicago-2003-04-01-runoff,IL,Chicago,precinct,ward 6 precinct 2,74,,2003-04-01T00:00:00.000Z,runoff,certified,false,ObjectId(564ab3b011956859da245cf7),,,IL,,Chicago,Alderman,Ward 6,FREDDRENNA M. LYLE,,,,
20030401__il__municipal_runoffs__precinct.json,il-chicago-2003-04-01-runoff,IL,Chicago,precinct,ward 6 precinct 3,104,,2003-04-01T00:00:00.000Z,runoff,certified,false,ObjectId(564ab3b011956859da245cf7),,,IL,,Chicago,Alderman,Ward 6,FREDDRENNA M. LYLE,,,,
20030401__il__municipal_runoffs__precinct.json,il-chicago-2003-04-01-runoff,IL,Chicago,precinct,ward 6 precinct 4,49,,2003-04-01T00:00:00.000Z,runoff,certified,false,ObjectId(564ab3b011956859da245cf7),,,IL,,Chicago,Alderman,Ward 6,FREDDRENNA M. LYLE,,,,
20030401__il__municipal_runoffs__precinct.json,il-chicago-2003-04-01-runoff,IL,Chicago,precinct,ward 6 precinct 5,25,,2003-04-01T00:00:00.000Z,runoff,certified,false,ObjectId(564ab3b011956859da245cf7),,,IL,,Chicago,Alderman,Ward 6,FREDDRENNA M. LYLE,,,,
20030401__il__municipal_runoffs__precinct.json,il-chicago-2003-04-01-runoff,IL,Chicago,precinct,ward 6 precinct 6,88,,2003-04-01T00:00:00.000Z,runoff,certified,false,ObjectId(564ab3b011956859da245cf7),,,IL,,Chicago,Alderman,Ward 6,FREDDRENNA M. LYLE,,,,
20030401__il__municipal_runoffs__precinct.json,il-chicago-2003-04-01-runoff,IL,Chicago,precinct,ward 6 precinct 7,79,,2003-04-01T00:00:00.000Z,runoff,certified,false,ObjectId(564ab3b011956859da245cf7),,,IL,,Chicago,Alderman,Ward 6,FREDDRENNA M. LYLE,,,,
20030401__il__municipal_runoffs__precinct.json,il-chicago-2003-04-01-runoff,IL,Chicago,precinct,ward 6 precinct 8,89,,2003-04-01T00:00:00.000Z,runoff,certified,false,ObjectId(564ab3b011956859da245cf7),,,IL,,Chicago,Alderman,Ward 6,FREDDRENNA M. LYLE,,,,
20030401__il__municipal_runoffs__precinct.json,il-chicago-2003-04-01-runoff,IL,Chicago,precinct,ward 6 precinct 9,98,,2003-04-01T00:00:00.000Z,runoff,certified,false,ObjectId(564ab3b011956859da245cf7),,,IL,,Chicago,Alderman,Ward 6,FREDDRENNA M. LYLE,,,,
20030401__il__municipal_runoffs__precinct.json,il-chicago-2003-04-01-runoff,IL,Chicago,precinct,ward 6 precinct 10,161,,2003-04-01T00:00:00.000Z,runoff,certified,false,ObjectId(564ab3b011956859da245cf7),,,IL,,Chicago,Alderman,Ward 6,FREDDRENNA M. LYLE,,,,
20030401__il__municipal_runoffs__precinct.json,il-chicago-2003-04-01-runoff,IL,Chicago,precinct,ward 6 precinct 11,82,,2003-04-01T00:00:00.000Z,runoff,certified,false,ObjectId(564ab3b011956859da245cf7),,,IL,,Chicago,Alderman,Ward 6,FREDDRENNA M. LYLE,,,,
20030401__il__municipal_runoffs__precinct.json,il-chicago-2003-04-01-runoff,IL,Chicago,precinct,ward 6 precinct 12,53,,2003-04-01T00:00:00.000Z,runoff,certified,false,ObjectId(564ab3b011956859da245cf7),,,IL,,Chicago,Alderman,Ward 6,FREDDRENNA M. LYLE,,,,
20030401__il__municipal_runoffs__precinct.json,il-chicago-2003-04-01-runoff,IL,Chicago,precinct,ward 6 precinct 13,56,,2003-04-01T00:00:00.000Z,runoff,certified,false,ObjectId(564ab3b011956859da245cf7),,,IL,,Chicago,Alderman,Ward 6,FREDDRENNA M. LYLE,,,,
20030401__il__municipal_runoffs__precinct.json,il-chicago-2003-04-01-runoff,IL,Chicago,precinct,ward 6 precinct 14,77,,2003-04-01T00:00:00.000Z,runoff,certified,false,ObjectId(564ab3b011956859da245cf7),,,IL,,Chicago,Alderman,Ward 6,FREDDRENNA M. LYLE,,,,
20030401__il__municipal_runoffs__precinct.json,il-chicago-2003-04-01-runoff,IL,Chicago,precinct,ward 6 precinct 15,71,,2003-04-01T00:00:00.000Z,runoff,certified,false,ObjectId(564ab3b011956859da245cf7),,,IL,,Chicago,Alderman,Ward 6,FREDDRENNA M. LYLE,,,,
20030401__il__municipal_runoffs__precinct.json,il-chicago-2003-04-01-runoff,IL,Chicago,precinct,ward 6 precinct 16,88,,2003-04-01T00:00:00.000Z,runoff,certified,false,ObjectId(564ab3b011956859da245cf7),,,IL,,Chicago,Alderman,Ward 6,FREDDRENNA M. LYLE,,,,
20030401__il__municipal_runoffs__precinct.json,il-chicago-2003-04-01-runoff,IL,Chicago,precinct,ward 6 precinct 17,132,,2003-04-01T00:00:00.000Z,runoff,certified,false,ObjectId(564ab3b011956859da245cf7),,,IL,,Chicago,Alderman,Ward 6,FREDDRENNA M. LYLE,,,,
20030401__il__municipal_runoffs__precinct.json,il-chicago-2003-04-01-runoff,IL,Chicago,precinct,ward 6 precinct 18,10,,2003-04-01T00:00:00.000Z,runoff,certified,false,ObjectId(564ab3b011956859da245cf7),,,IL,,Chicago,Alderman,Ward 6,FREDDRENNA M. LYLE,,,,
20030401__il__municipal_runoffs__precinct.json,il-chicago-2003-04-01-runoff,IL,Chicago,precinct,ward 6 precinct 19,63,,2003-04-01T00:00:00.000Z,runoff,certified,false,ObjectId(564ab3b011956859da245cf7),,,IL,,Chicago,Alderman,Ward 6,FREDDRENNA M. LYLE,,,,
20030401__il__municipal_runoffs__precinct.json,il-chicago-2003-04-01-runoff,IL,Chicago,precinct,ward 6 precinct 20,80,,2003-04-01T00:00:00.000Z,runoff,certified,false,ObjectId(564ab3b011956859da245cf7),,,IL,,Chicago,Alderman,Ward 6,FREDDRENNA M. LYLE,,,,
20030401__il__municipal_runoffs__precinct.json,il-chicago-2003-04-01-runoff,IL,Chicago,precinct,ward 6 precinct 21,115,,2003-04-01T00:00:00.000Z,runoff,certified,false,ObjectId(564ab3b011956859da245cf7),,,IL,,Chicago,Alderman,Ward 6,FREDDRENNA M. LYLE,,,,
20030401__il__municipal_runoffs__precinct.json,il-chicago-2003-04-01-runoff,IL,Chicago,precinct,ward 6 precinct 22,96,,2003-04-01T00:00:00.000Z,runoff,certified,false,ObjectId(564ab3b011956859da245cf7),,,IL,,Chicago,Alderman,Ward 6,FREDDRENNA M. LYLE,,,,
20030401__il__municipal_runoffs__precinct.json,il-chicago-2003-04-01-runoff,IL,Chicago,precinct,ward 6 precinct 23,76,,2003-04-01T00:00:00.000Z,runoff,certified,false,ObjectId(564ab3b011956859da245cf7),,,IL,,Chicago,Alderman,Ward 6,FREDDRENNA M. LYLE,,,,
20030401__il__municipal_runoffs__precinct.json,il-chicago-2003-04-01-runoff,IL,Chicago,precinct,ward 6 precinct 24,83,,2003-04-01T00:00:00.000Z,runoff,certified,false,ObjectId(564ab3b011956859da245cf7),,,IL,,Chicago,Alderman,Ward 6,FREDDRENNA M. LYLE,,,,
20030401__il__municipal_runoffs__precinct.json,il-chicago-2003-04-01-runoff,IL,Chicago,precinct,ward 6 precinct 25,44,,2003-04-01T00:00:00.000Z,runoff,certified,false,ObjectId(564ab3b011956859da245cf7),,,IL,,Chicago,Alderman,Ward 6,FREDDRENNA M. LYLE,,,,
20030401__il__municipal_runoffs__precinct.json,il-chicago-2003-04-01-runoff,IL,Chicago,precinct,ward 6 precinct 26,93,,2003-04-01T00:00:00.000Z,runoff,certified,false,ObjectId(564ab3b011956859da245cf7),,,IL,,Chicago,Alderman,Ward 6,FREDDRENNA M. LYLE,,,,
20030401__il__municipal_runoffs__precinct.json,il-chicago-2003-04-01-runoff,IL,Chicago,precinct,ward 6 precinct 27,89,,2003-04-01T00:00:00.000Z,runoff,certified,false,ObjectId(564ab3b011956859da245cf7),,,IL,,Chicago,Alderman,Ward 6,FREDDRENNA M. LYLE,,,,
20030401__il__municipal_runoffs__precinct.json,il-chicago-2003-04-01-runoff,IL,Chicago,precinct,ward 6 precinct 28,163,,2003-04-01T00:00:00.000Z,runoff,certified,false,ObjectId(564ab3b011956859da245cf7),,,IL,,Chicago,Alderman,Ward 6,FREDDRENNA M. LYLE,,,,
20030401__il__municipal_runoffs__precinct.json,il-chicago-2003-04-01-runoff,IL,Chicago,precinct,ward 6 precinct 29,126,,2003-04-01T00:00:00.000Z,runoff,certified,false,ObjectId(564ab3b011956859da245cf7),,,IL,,Chicago,Alderman,Ward 6,FREDDRENNA M. LYLE,,,,
20030401__il__municipal_runoffs__precinct.json,il-chicago-2003-04-01-runoff,IL,Chicago,precinct,ward 6 precinct 30,63,,2003-04-01T00:00:00.000Z,runoff,certified,false,ObjectId(564ab3b011956859da245cf7),,,IL,,Chicago,Alderman,Ward 6,FREDDRENNA M. LYLE,,,,
20030401__il__municipal_runoffs__precinct.json,il-chicago-2003-04-01-runoff,IL,Chicago,precinct,ward 6 precinct 31,116,,2003-04-01T00:00:00.000Z,runoff,certified,false,ObjectId(564ab3b011956859da245cf7),,,IL,,Chicago,Alderman,Ward 6,FREDDRENNA M. LYLE,,,,
20030401__il__municipal_runoffs__precinct.json,il-chicago-2003-04-01-runoff,IL,Chicago,precinct,ward 6 precinct 32,73,,2003-04-01T00:00:00.000Z,runoff,certified,false,ObjectId(564ab3b011956859da245cf7),,,IL,,Chicago,Alderman,Ward 6,FREDDRENNA M. LYLE,,,,
20030401__il__municipal_runoffs__precinct.json,il-chicago-2003-04-01-runoff,IL,Chicago,precinct,ward 6 precinct 33,71,,2003-04-01T00:00:00.000Z,runoff,certified,false,ObjectId(564ab3b011956859da245cf7),,,IL,,Chicago,Alderman,Ward 6,FREDDRENNA M. LYLE,,,,
20030401__il__municipal_runoffs__precinct.json,il-chicago-2003-04-01-runoff,IL,Chicago,precinct,ward 6 precinct 34,63,,2003-04-01T00:00:00.000Z,runoff,certified,false,ObjectId(564ab3b011956859da245cf7),,,IL,,Chicago,Alderman,Ward 6,FREDDRENNA M. LYLE,,,,
20030401__il__municipal_runoffs__precinct.json,il-chicago-2003-04-01-runoff,IL,Chicago,precinct,ward 6 precinct 35,92,,2003-04-01T00:00:00.000Z,runoff,certified,false,ObjectId(564ab3b011956859da245cf7),,,IL,,Chicago,Alderman,Ward 6,FREDDRENNA M. LYLE,,,,
20030401__il__municipal_runoffs__precinct.json,il-chicago-2003-04-01-runoff,IL,Chicago,precinct,ward 6 precinct 36,26,,2003-04-01T00:00:00.000Z,runoff,certified,false,ObjectId(564ab3b011956859da245cf7),,,IL,,Chicago,Alderman,Ward 6,FREDDRENNA M. LYLE,,,,
20030401__il__municipal_runoffs__precinct.json,il-chicago-2003-04-01-runoff,IL,Chicago,precinct,ward 6 precinct 37,95,,2003-04-01T00:00:00.000Z,runoff,certified,false,ObjectId(564ab3b011956859da245cf7),,,IL,,Chicago,Alderman,Ward 6,FREDDRENNA M. LYLE,,,,
20030401__il__municipal_runoffs__precinct.json,il-chicago-2003-04-01-runoff,IL,Chicago,precinct,ward 6 precinct 38,105,,2003-04-01T00:00:00.000Z,runoff,certified,false,ObjectId(564ab3b011956859da245cf7),,,IL,,Chicago,Alderman,Ward 6,FREDDRENNA M. LYLE,,,,
20030401__il__municipal_runoffs__precinct.json,il-chicago-2003-04-01-runoff,IL,Chicago,precinct,ward 6 precinct 39,84,,2003-04-01T00:00:00.000Z,runoff,certified,false,ObjectId(564ab3b011956859da245cf7),,,IL,,Chicago,Alderman,Ward 6,FREDDRENNA M. LYLE,,,,
20030401__il__municipal_runoffs__precinct.json,il-chicago-2003-04-01-runoff,IL,Chicago,precinct,ward 6 precinct 40,48,,2003-04-01T00:00:00.000Z,runoff,certified,false,ObjectId(564ab3b011956859da245cf7),,,IL,,Chicago,Alderman,Ward 6,FREDDRENNA M. LYLE,,,,
20030401__il__municipal_runoffs__precinct.json,il-chicago-2003-04-01-runoff,IL,Chicago,precinct,ward 6 precinct 41,103,,2003-04-01T00:00:00.000Z,runoff,certified,false,ObjectId(564ab3b011956859da245cf7),,,IL,,Chicago,Alderman,Ward 6,FREDDRENNA M. LYLE,,,,
20030401__il__municipal_runoffs__precinct.json,il-chicago-2003-04-01-runoff,IL,Chicago,precinct,ward 6 precinct 42,54,,2003-04-01T00:00:00.000Z,runoff,certified,false,ObjectId(564ab3b011956859da245cf7),,,IL,,Chicago,Alderman,Ward 6,FREDDRENNA M. LYLE,,,,
20030401__il__municipal_runoffs__precinct.json,il-chicago-2003-04-01-runoff,IL,Chicago,precinct,ward 6 precinct 43,142,,2003-04-01T00:00:00.000Z,runoff,certified,false,ObjectId(564ab3b011956859da245cf7),,,IL,,Chicago,Alderman,Ward 6,FREDDRENNA M. LYLE,,,,
20030401__il__municipal_runoffs__precinct.json,il-chicago-2003-04-01-runoff,IL,Chicago,precinct,ward 6 precinct 44,100,,2003-04-01T00:00:00.000Z,runoff,certified,false,ObjectId(564ab3b011956859da245cf7),,,IL,,Chicago,Alderman,Ward 6,FREDDRENNA M. LYLE,,,,
20030401__il__municipal_runoffs__precinct.json,il-chicago-2003-04-01-runoff,IL,Chicago,precinct,ward 6 precinct 45,55,,2003-04-01T00:00:00.000Z,runoff,certified,false,ObjectId(564ab3b011956859da245cf7),,,IL,,Chicago,Alderman,Ward 6,FREDDRENNA M. LYLE,,,,
20030401__il__municipal_runoffs__precinct.json,il-chicago-2003-04-01-runoff,IL,Chicago,precinct,ward 6 precinct 46,75,,2003-04-01T00:00:00.000Z,runoff,certified,false,ObjectId(564ab3b011956859da245cf7),,,IL,,Chicago,Alderman,Ward 6,FREDDRENNA M. LYLE,,,,
20030401__il__municipal_runoffs__precinct.json,il-chicago-2003-04-01-runoff,IL,Chicago,precinct,ward 6 precinct 47,82,,2003-04-01T00:00:00.000Z,runoff,certified,false,ObjectId(564ab3b011956859da245cf7),,,IL,,Chicago,Alderman,Ward 6,FREDDRENNA M. LYLE,,,,
20030401__il__municipal_runoffs__precinct.json,il-chicago-2003-04-01-runoff,IL,Chicago,precinct,ward 6 precinct 48,117,,2003-04-01T00:00:00.000Z,runoff,certified,false,ObjectId(564ab3b011956859da245cf7),,,IL,,Chicago,Alderman,Ward 6,FREDDRENNA M. LYLE,,,,
20030401__il__municipal_runoffs__precinct.json,il-chicago-2003-04-01-runoff,IL,Chicago,precinct,ward 6 precinct 49,63,,2003-04-01T00:00:00.000Z,runoff,certified,false,ObjectId(564ab3b011956859da245cf7),,,IL,,Chicago,Alderman,Ward 6,FREDDRENNA M. LYLE,,,,
20030401__il__municipal_runoffs__precinct.json,il-chicago-2003-04-01-runoff,IL,Chicago,precinct,ward 6 precinct 50,104,,2003-04-01T00:00:00.000Z,runoff,certified,false,ObjectId(564ab3b011956859da245cf7),,,IL,,Chicago,Alderman,Ward 6,FREDDRENNA M. LYLE,,,,
20030401__il__municipal_runoffs__precinct.json,il-chicago-2003-04-01-runoff,IL,Chicago,precinct,ward 6 precinct 51,69,,2003-04-01T00:00:00.000Z,runoff,certified,false,ObjectId(564ab3b011956859da245cf7),,,IL,,Chicago,Alderman,Ward 6,FREDDRENNA M. LYLE,,,,
20030401__il__municipal_runoffs__precinct.json,il-chicago-2003-04-01-runoff,IL,Chicago,precinct,ward 6 precinct 52,42,,2003-04-01T00:00:00.000Z,runoff,certified,false,ObjectId(564ab3b011956859da245cf7),,,IL,,Chicago,Alderman,Ward 6,FREDDRENNA M. LYLE,,,,
20030401__il__municipal_runoffs__precinct.json,il-chicago-2003-04-01-runoff,IL,Chicago,precinct,ward 6 precinct 53,58,,2003-04-01T00:00:00.000Z,runoff,certified,false,ObjectId(564ab3b011956859da245cf7),,,IL,,Chicago,Alderman,Ward 6,FREDDRENNA M. LYLE,,,,
20030401__il__municipal_runoffs__precinct.json,il-chicago-2003-04-01-runoff,IL,Chicago,precinct,ward 6 precinct 54,44,,2003-04-01T00:00:00.000Z,runoff,certified,false,ObjectId(564ab3b011956859da245cf7),,,IL,,Chicago,Alderman,Ward 6,FREDDRENNA M. LYLE,,,,
20030401__il__municipal_runoffs__precinct.json,il-chicago-2003-04-01-runoff,IL,Chicago,precinct,ward 6 precinct 55,86,,2003-04-01T00:00:00.000Z,runoff,certified,false,ObjectId(564ab3b011956859da245cf7),,,IL,,Chicago,Alderman,Ward 6,FREDDRENNA M. LYLE,,,,
20030401__il__municipal_runoffs__precinct.json,il-chicago-2003-04-01-runoff,IL,Chicago,precinct,ward 6 precinct 56,89,,2003-04-01T00:00:00.000Z,runoff,certified,false,ObjectId(564ab3b011956859da245cf7),,,IL,,Chicago,Alderman,Ward 6,FREDDRENNA M. LYLE,,,,
20030401__il__municipal_runoffs__precinct.json,il-chicago-2003-04-01-runoff,IL,Chicago,precinct,ward 6 precinct 57,28,,2003-04-01T00:00:00.000Z,runoff,certified,false,ObjectId(564ab3b011956859da245cf7),,,IL,,Chicago,Alderman,Ward 6,FREDDRENNA M. LYLE,,,,
20030401__il__municipal_runoffs__precinct.json,il-chicago-2003-04-01-runoff,IL,Chicago,precinct,ward 6 precinct 58,99,,2003-04-01T00:00:00.000Z,runoff,certified,false,ObjectId(564ab3b011956859da245cf7),,,IL,,Chicago,Alderman,Ward 6,FREDDRENNA M. LYLE,,,,
20030401__il__municipal_runoffs__precinct.json,il-chicago-2003-04-01-runoff,IL,Chicago,precinct,ward 6 precinct 59,74,,2003-04-01T00:00:00.000Z,runoff,certified,false,ObjectId(564ab3b011956859da245cf7),,,IL,,Chicago,Alderman,Ward 6,FREDDRENNA M. LYLE,,,,
20030401__il__municipal_runoffs__precinct.json,il-chicago-2003-04-01-runoff,IL,Chicago,precinct,ward 6 precinct 60,48,,2003-04-01T00:00:00.000Z,runoff,certified,false,ObjectId(564ab3b011956859da245cf7),,,IL,,Chicago,Alderman,Ward 6,FREDDRENNA M. LYLE,,,,
20030401__il__municipal_runoffs__precinct.json,il-chicago-2003-04-01-runoff,IL,Chicago,precinct,ward 6 precinct 61,47,,2003-04-01T00:00:00.000Z,runoff,certified,false,ObjectId(564ab3b011956859da245cf7),,,IL,,Chicago,Alderman,Ward 6,FREDDRENNA M. LYLE,,,,
20030401__il__municipal_runoffs__precinct.json,il-chicago-2003-04-01-runoff,IL,Chicago,precinct,ward 6 precinct 62,23,,2003-04-01T00:00:00.000Z,runoff,certified,false,ObjectId(564ab3b011956859da245cf7),,,IL,,Chicago,Alderman,Ward 6,FREDDRENNA M. LYLE,,,,
20030401__il__municipal_runoffs__precinct.json,il-chicago-2003-04-01-runoff,IL,Chicago,precinct,ward 6 precinct 63,50,,2003-04-01T00:00:00.000Z,runoff,certified,false,ObjectId(564ab3b011956859da245cf7),,,IL,,Chicago,Alderman,Ward 6,FREDDRENNA M. LYLE,,,,
20030401__il__municipal_runoffs__precinct.json,il-chicago-2003-04-01-runoff,IL,Chicago,precinct,ward 6 precinct 64,137,,2003-04-01T00:00:00.000Z,runoff,certified,false,ObjectId(564ab3b011956859da245cf7),,,IL,,Chicago,Alderman,Ward 6,FREDDRENNA M. LYLE,,,,
20030401__il__municipal_runoffs__precinct.json,il-chicago-2003-04-01-runoff,IL,Chicago,precinct,ward 6 precinct 65,17,,2003-04-01T00:00:00.000Z,runoff,certified,false,ObjectId(564ab3b011956859da245cf7),,,IL,,Chicago,Alderman,Ward 6,FREDDRENNA M. LYLE,,,,
20030401__il__municipal_runoffs__precinct.json,il-chicago-2003-04-01-runoff,IL,Chicago,precinct,ward 6 precinct 66,80,,2003-04-01T00:00:00.000Z,runoff,certified,false,ObjectId(564ab3b011956859da245cf7),,,IL,,Chicago,Alderman,Ward 6,FREDDRENNA M. LYLE,,,,
20030401__il__municipal_runoffs__precinct.json,il-chicago-2003-04-01-runoff,IL,Chicago,municipal_district,ward 15,2419,,2003-04-01T00:00:00.000Z,runoff,certified,false,ObjectId(564ab3b011956859da245d00),,,IL,,Chicago,Alderman,Ward 15,"THEODORE ""TED"" THOMAS",,,,
20030401__il__municipal_runoffs__precinct.json,il-chicago-2003-04-01-runoff,IL,Chicago,municipal_district,ward 15,2031,,2003-04-01T00:00:00.000Z,runoff,certified,false,ObjectId(564ab3b011956859da245d00),,,IL,,Chicago,Alderman,Ward 15,BOB LOVE,,,,
20030401__il__municipal_runoffs__precinct.json,il-chicago-2003-04-01-runoff,IL,Chicago,precinct,ward 15 precinct 1,46,,2003-04-01T00:00:00.000Z,runoff,certified,false,ObjectId(564ab3b011956859da245d00),,,IL,,Chicago,Alderman,Ward 15,BOB LOVE,,,,
20030401__il__municipal_runoffs__precinct.json,il-chicago-2003-04-01-runoff,IL,Chicago,precinct,ward 15 precinct 2,35,,2003-04-01T00:00:00.000Z,runoff,certified,false,ObjectId(564ab3b011956859da245d00),,,IL,,Chicago,Alderman,Ward 15,BOB LOVE,,,,
20030401__il__municipal_runoffs__precinct.json,il-chicago-2003-04-01-runoff,IL,Chicago,precinct,ward 15 precinct 3,21,,2003-04-01T00:00:00.000Z,runoff,certified,false,ObjectId(564ab3b011956859da245d00),,,IL,,Chicago,Alderman,Ward 15,BOB LOVE,,,,
20030401__il__municipal_runoffs__precinct.json,il-chicago-2003-04-01-runoff,IL,Chicago,precinct,ward 15 precinct 4,22,,2003-04-01T00:00:00.000Z,runoff,certified,false,ObjectId(564ab3b011956859da245d00),,,IL,,Chicago,Alderman,Ward 15,BOB LOVE,,,,
20030401__il__municipal_runoffs__precinct.json,il-chicago-2003-04-01-runoff,IL,Chicago,precinct,ward 15 precinct 5,29,,2003-04-01T00:00:00.000Z,runoff,certified,false,ObjectId(564ab3b011956859da245d00),,,IL,,Chicago,Alderman,Ward 15,BOB LOVE,,,,
20030401__il__municipal_runoffs__precinct.json,il-chicago-2003-04-01-runoff,IL,Chicago,precinct,ward 15 precinct 6,44,,2003-04-01T00:00:00.000Z,runoff,certified,false,ObjectId(564ab3b011956859da245d00),,,IL,,Chicago,Alderman,Ward 15,BOB LOVE,,,,
20030401__il__municipal_runoffs__precinct.json,il-chicago-2003-04-01-runoff,IL,Chicago,precinct,ward 15 precinct 7,45,,2003-04-01T00:00:00.000Z,runoff,certified,false,ObjectId(564ab3b011956859da245d00),,,IL,,Chicago,Alderman,Ward 15,BOB LOVE,,,,
20030401__il__municipal_runoffs__precinct.json,il-chicago-2003-04-01-runoff,IL,Chicago,precinct,ward 15 precinct 8,37,,2003-04-01T00:00:00.000Z,runoff,certified,false,ObjectId(564ab3b011956859da245d00),,,IL,,Chicago,Alderman,Ward 15,BOB LOVE,,,,
20030401__il__municipal_runoffs__precinct.json,il-chicago-2003-04-01-runoff,IL,Chicago,precinct,ward 15 precinct 9,46,,2003-04-01T00:00:00.000Z,runoff,certified,false,ObjectId(564ab3b011956859da245d00),,,IL,,Chicago,Alderman,Ward 15,BOB LOVE,,,,
20030401__il__municipal_runoffs__precinct.json,il-chicago-2003-04-01-runoff,IL,Chicago,precinct,ward 15 precinct 10,27,,2003-04-01T00:00:00.000Z,runoff,certified,false,ObjectId(564ab3b011956859da245d00),,,IL,,Chicago,Alderman,Ward 15,BOB LOVE,,,,
20030401__il__municipal_runoffs__precinct.json,il-chicago-2003-04-01-runoff,IL,Chicago,precinct,ward 15 precinct 11,32,,2003-04-01T00:00:00.000Z,runoff,certified,false,ObjectId(564ab3b011956859da245d00),,,IL,,Chicago,Alderman,Ward 15,BOB LOVE,,,,
20030401__il__municipal_runoffs__precinct.json,il-chicago-2003-04-01-runoff,IL,Chicago,precinct,ward 15 precinct 12,29,,2003-04-01T00:00:00.000Z,runoff,certified,false,ObjectId(564ab3b011956859da245d00),,,IL,,Chicago,Alderman,Ward 15,BOB LOVE,,,,
20030401__il__municipal_runoffs__precinct.json,il-chicago-2003-04-01-runoff,IL,Chicago,precinct,ward 15 precinct 13,49,,2003-04-01T00:00:00.000Z,runoff,certified,false,ObjectId(564ab3b011956859da245d00),,,IL,,Chicago,Alderman,Ward 15,BOB LOVE,,,,
20030401__il__municipal_runoffs__precinct.json,il-chicago-2003-04-01-runoff,IL,Chicago,precinct,ward 15 precinct 14,89,,2003-04-01T00:00:00.000Z,runoff,certified,false,ObjectId(564ab3b011956859da245d00),,,IL,,Chicago,Alderman,Ward 15,BOB LOVE,,,,
20030401__il__municipal_runoffs__precinct.json,il-chicago-2003-04-01-runoff,IL,Chicago,precinct,ward 15 precinct 15,93,,2003-04-01T00:00:00.000Z,runoff,certified,false,ObjectId(564ab3b011956859da245d00),,,IL,,Chicago,Alderman,Ward 15,BOB LOVE,,,,
20030401__il__municipal_runoffs__precinct.json,il-chicago-2003-04-01-runoff,IL,Chicago,precinct,ward 15 precinct 16,49,,2003-04-01T00:00:00.000Z,runoff,certified,false,ObjectId(564ab3b011956859da245d00),,,IL,,Chicago,Alderman,Ward 15,BOB LOVE,,,,
20030401__il__municipal_runoffs__precinct.json,il-chicago-2003-04-01-runoff,IL,Chicago,precinct,ward 15 precinct 17,26,,2003-04-01T00:00:00.000Z,runoff,certified,false,ObjectId(564ab3b011956859da245d00),,,IL,,Chicago,Alderman,Ward 15,BOB LOVE,,,,
20030401__il__municipal_runoffs__precinct.json,il-chicago-2003-04-01-runoff,IL,Chicago,precinct,ward 15 precinct 18,40,,2003-04-01T00:00:00.000Z,runoff,certified,false,ObjectId(564ab3b011956859da245d00),,,IL,,Chicago,Alderman,Ward 15,BOB LOVE,,,,
20030401__il__municipal_runoffs__precinct.json,il-chicago-2003-04-01-runoff,IL,Chicago,precinct,ward 15 precinct 19,24,,2003-04-01T00:00:00.000Z,runoff,certified,false,ObjectId(564ab3b011956859da245d00),,,IL,,Chicago,Alderman,Ward 15,BOB LOVE,,,,
20030401__il__municipal_runoffs__precinct.json,il-chicago-2003-04-01-runoff,IL,Chicago,precinct,ward 15 precinct 20,40,,2003-04-01T00:00:00.000Z,runoff,certified,false,ObjectId(564ab3b011956859da245d00),,,IL,,Chicago,Alderman,Ward 15,BOB LOVE,,,,
20030401__il__municipal_runoffs__precinct.json,il-chicago-2003-04-01-runoff,IL,Chicago,precinct,ward 15 precinct 21,50,,2003-04-01T00:00:00.000Z,runoff,certified,false,ObjectId(564ab3b011956859da245d00),,,IL,,Chicago,Alderman,Ward 15,BOB LOVE,,,,
20030401__il__municipal_runoffs__precinct.json,il-chicago-2003-04-01-runoff,IL,Chicago,precinct,ward 15 precinct 22,53,,2003-04-01T00:00:00.000Z,runoff,certified,false,ObjectId(564ab3b011956859da245d00),,,IL,,Chicago,Alderman,Ward 15,BOB LOVE,,,,
20030401__il__municipal_runoffs__precinct.json,il-chicago-2003-04-01-runoff,IL,Chicago,precinct,ward 15 precinct 23,18,,2003-04-01T00:00:00.000Z,runoff,certified,false,ObjectId(564ab3b011956859da245d00),,,IL,,Chicago,Alderman,Ward 15,BOB LOVE,,,,
20030401__il__municipal_runoffs__precinct.json,il-chicago-2003-04-01-runoff,IL,Chicago,precinct,ward 15 precinct 24,66,,2003-04-01T00:00:00.000Z,runoff,certified,false,ObjectId(564ab3b011956859da245d00),,,IL,,Chicago,Alderman,Ward 15,BOB LOVE,,,,
20030401__il__municipal_runoffs__precinct.json,il-chicago-2003-04-01-runoff,IL,Chicago,precinct,ward 15 precinct 25,41,,2003-04-01T00:00:00.000Z,runoff,certified,false,ObjectId(564ab3b011956859da245d00),,,IL,,Chicago,Alderman,Ward 15,BOB LOVE,,,,
20030401__il__municipal_runoffs__precinct.json,il-chicago-2003-04-01-runoff,IL,Chicago,precinct,ward 15 precinct 26,32,,2003-04-01T00:00:00.000Z,runoff,certified,false,ObjectId(564ab3b011956859da245d00),,,IL,,Chicago,Alderman,Ward 15,BOB LOVE,,,,
20030401__il__municipal_runoffs__precinct.json,il-chicago-2003-04-01-runoff,IL,Chicago,precinct,ward 15 precinct 27,20,,2003-04-01T00:00:00.000Z,runoff,certified,false,ObjectId(564ab3b011956859da245d00),,,IL,,Chicago,Alderman,Ward 15,BOB LOVE,,,,
20030401__il__municipal_runoffs__precinct.json,il-chicago-2003-04-01-runoff,IL,Chicago,precinct,ward 15 precinct 28,52,,2003-04-01T00:00:00.000Z,runoff,certified,false,ObjectId(564ab3b011956859da245d00),,,IL,,Chicago,Alderman,Ward 15,BOB LOVE,,,,
20030401__il__municipal_runoffs__precinct.json,il-chicago-2003-04-01-runoff,IL,Chicago,precinct,ward 15 precinct 29,19,,2003-04-01T00:00:00.000Z,runoff,certified,false,ObjectId(564ab3b011956859da245d00),,,IL,,Chicago,Alderman,Ward 15,BOB LOVE,,,,
20030401__il__municipal_runoffs__precinct.json,il-chicago-2003-04-01-runoff,IL,Chicago,precinct,ward 15 precinct 30,39,,2003-04-01T00:00:00.000Z,runoff,certified,false,ObjectId(564ab3b011956859da245d00),,,IL,,Chicago,Alderman,Ward 15,BOB LOVE,,,,
20030401__il__municipal_runoffs__precinct.json,il-chicago-2003-04-01-runoff,IL,Chicago,precinct,ward 15 precinct 31,26,,2003-04-01T00:00:00.000Z,runoff,certified,false,ObjectId(564ab3b011956859da245d00),,,IL,,Chicago,Alderman,Ward 15,BOB LOVE,,,,
20030401__il__municipal_runoffs__precinct.json,il-chicago-2003-04-01-runoff,IL,Chicago,precinct,ward 15 precinct 32,70,,2003-04-01T00:00:00.000Z,runoff,certified,false,ObjectId(564ab3b011956859da245d00),,,IL,,Chicago,Alderman,Ward 15,BOB LOVE,,,,
20030401__il__municipal_runoffs__precinct.json,il-chicago-2003-04-01-runoff,IL,Chicago,precinct,ward 15 precinct 33,21,,2003-04-01T00:00:00.000Z,runoff,certified,false,ObjectId(564ab3b011956859da245d00),,,IL,,Chicago,Alderman,Ward 15,BOB LOVE,,,,
20030401__il__municipal_runoffs__precinct.json,il-chicago-2003-04-01-runoff,IL,Chicago,precinct,ward 15 precinct 34,25,,2003-04-01T00:00:00.000Z,runoff,certified,false,ObjectId(564ab3b011956859da245d00),,,IL,,Chicago,Alderman,Ward 15,BOB LOVE,,,,
20030401__il__municipal_runoffs__precinct.json,il-chicago-2003-04-01-runoff,IL,Chicago,precinct,ward 15 precinct 35,34,,2003-04-01T00:00:00.000Z,runoff,certified,false,ObjectId(564ab3b011956859da245d00),,,IL,,Chicago,Alderman,Ward 15,BOB LOVE,,,,
20030401__il__municipal_runoffs__precinct.json,il-chicago-2003-04-01-runoff,IL,Chicago,precinct,ward 15 precinct 36,26,,2003-04-01T00:00:00.000Z,runoff,certified,false,ObjectId(564ab3b011956859da245d00),,,IL,,Chicago,Alderman,Ward 15,BOB LOVE,,,,
20030401__il__municipal_runoffs__precinct.json,il-chicago-2003-04-01-runoff,IL,Chicago,precinct,ward 15 precinct 37,35,,2003-04-01T00:00:00.000Z,runoff,certified,false,ObjectId(564ab3b011956859da245d00),,,IL,,Chicago,Alderman,Ward 15,BOB LOVE,,,,
20030401__il__municipal_runoffs__precinct.json,il-chicago-2003-04-01-runoff,IL,Chicago,precinct,ward 15 precinct 38,44,,2003-04-01T00:00:00.000Z,runoff,certified,false,ObjectId(564ab3b011956859da245d00),,,IL,,Chicago,Alderman,Ward 15,BOB LOVE,,,,
20030401__il__municipal_runoffs__precinct.json,il-chicago-2003-04-01-runoff,IL,Chicago,precinct,ward 15 precinct 39,38,,2003-04-01T00:00:00.000Z,runoff,certified,false,ObjectId(564ab3b011956859da245d00),,,IL,,Chicago,Alderman,Ward 15,BOB LOVE,,,,
20030401__il__municipal_runoffs__precinct.json,il-chicago-2003-04-01-runoff,IL,Chicago,precinct,ward 15 precinct 40,44,,2003-04-01T00:00:00.000Z,runoff,certified,false,ObjectId(564ab3b011956859da245d00),,,IL,,Chicago,Alderman,Ward 15,BOB LOVE,,,,
20030401__il__municipal_runoffs__precinct.json,il-chicago-2003-04-01-runoff,IL,Chicago,precinct,ward 15 precinct 41,53,,2003-04-01T00:00:00.000Z,runoff,certified,false,ObjectId(564ab3b011956859da245d00),,,IL,,Chicago,Alderman,Ward 15,BOB LOVE,,,,
20030401__il__municipal_runoffs__precinct.json,il-chicago-2003-04-01-runoff,IL,Chicago,precinct,ward 15 precinct 42,24,,2003-04-01T00:00:00.000Z,runoff,certified,false,ObjectId(564ab3b011956859da245d00),,,IL,,Chicago,Alderman,Ward 15,BOB LOVE,,,,
20030401__il__municipal_runoffs__precinct.json,il-chicago-2003-04-01-runoff,IL,Chicago,precinct,ward 15 precinct 43,23,,2003-04-01T00:00:00.000Z,runoff,certified,false,ObjectId(564ab3b011956859da245d00),,,IL,,Chicago,Alderman,Ward 15,BOB LOVE,,,,
20030401__il__municipal_runoffs__precinct.json,il-chicago-2003-04-01-runoff,IL,Chicago,precinct,ward 15 precinct 44,66,,2003-04-01T00:00:00.000Z,runoff,certified,false,ObjectId(564ab3b011956859da245d00),,,IL,,Chicago,Alderman,Ward 15,BOB LOVE,,,,
20030401__il__municipal_runoffs__precinct.json,il-chicago-2003-04-01-runoff,IL,Chicago,precinct,ward 15 precinct 45,34,,2003-04-01T00:00:00.000Z,runoff,certified,false,ObjectId(564ab3b011956859da245d00),,,IL,,Chicago,Alderman,Ward 15,BOB LOVE,,,,
20030401__il__municipal_runoffs__precinct.json,il-chicago-2003-04-01-runoff,IL,Chicago,precinct,ward 15 precinct 46,43,,2003-04-01T00:00:00.000Z,runoff,certified,false,ObjectId(564ab3b011956859da245d00),,,IL,,Chicago,Alderman,Ward 15,BOB LOVE,,,,
20030401__il__municipal_runoffs__precinct.json,il-chicago-2003-04-01-runoff,IL,Chicago,precinct,ward 15 precinct 47,45,,2003-04-01T00:00:00.000Z,runoff,certified,false,ObjectId(564ab3b011956859da245d00),,,IL,,Chicago,Alderman,Ward 15,BOB LOVE,,,,
20030401__il__municipal_runoffs__precinct.json,il-chicago-2003-04-01-runoff,IL,Chicago,precinct,ward 15 precinct 48,28,,2003-04-01T00:00:00.000Z,runoff,certified,false,ObjectId(564ab3b011956859da245d00),,,IL,,Chicago,Alderman,Ward 15,BOB LOVE,,,,
20030401__il__municipal_runoffs__precinct.json,il-chicago-2003-04-01-runoff,IL,Chicago,precinct,ward 15 precinct 49,36,,2003-04-01T00:00:00.000Z,runoff,certified,false,ObjectId(564ab3b011956859da245d00),,,IL,,Chicago,Alderman,Ward 15,BOB LOVE,,,,
20030401__il__municipal_runoffs__precinct.json,il-chicago-2003-04-01-runoff,IL,Chicago,precinct,ward 15 precinct 50,71,,2003-04-01T00:00:00.000Z,runoff,certified,false,ObjectId(564ab3b011956859da245d00),,,IL,,Chicago,Alderman,Ward 15,BOB LOVE,,,,
20030401__il__municipal_runoffs__precinct.json,il-chicago-2003-04-01-runoff,IL,Chicago,precinct,ward 15 precinct 51,18,,2003-04-01T00:00:00.000Z,runoff,certified,false,ObjectId(564ab3b011956859da245d00),,,IL,,Chicago,Alderman,Ward 15,BOB LOVE,,,,
20030401__il__municipal_runoffs__precinct.json,il-chicago-2003-04-01-runoff,IL,Chicago,precinct,ward 15 precinct 52,14,,2003-04-01T00:00:00.000Z,runoff,certified,false,ObjectId(564ab3b011956859da245d00),,,IL,,Chicago,Alderman,Ward 15,BOB LOVE,,,,
20030401__il__municipal_runoffs__precinct.json,il-chicago-2003-04-01-runoff,IL,Chicago,municipal_district,ward 21,5887,,2003-04-01T00:00:00.000Z,runoff,certified,false,ObjectId(564ab3b011956859da245d06),,,IL,,Chicago,Alderman,Ward 21,LEONARD DeVILLE,,,,
20030401__il__municipal_runoffs__precinct.json,il-chicago-2003-04-01-runoff,IL,Chicago,municipal_district,ward 21,6015,,2003-04-01T00:00:00.000Z,runoff,certified,false,ObjectId(564ab3b011956859da245d06),,,IL,,Chicago,Alderman,Ward 21,"HOWARD B. BROOKINS, JR.",,,,
20030401__il__municipal_runoffs__precinct.json,il-chicago-2003-04-01-runoff,IL,Chicago,precinct,ward 21 precinct 1,141,,2003-04-01T00:00:00.000Z,runoff,certified,false,ObjectId(564ab3b011956859da245d06),,,IL,,Chicago,Alderman,Ward 21,"HOWARD B. BROOKINS, JR.",,,,
20030401__il__municipal_runoffs__precinct.json,il-chicago-2003-04-01-runoff,IL,Chicago,precinct,ward 21 precinct 2,14,,2003-04-01T00:00:00.000Z,runoff,certified,false,ObjectId(564ab3b011956859da245d06),,,IL,,Chicago,Alderman,Ward 21,"HOWARD B. BROOKINS, JR.",,,,
20030401__il__municipal_runoffs__precinct.json,il-chicago-2003-04-01-runoff,IL,Chicago,precinct,ward 21 precinct 3,123,,2003-04-01T00:00:00.000Z,runoff,certified,false,ObjectId(564ab3b011956859da245d06),,,IL,,Chicago,Alderman,Ward 21,"HOWARD B. BROOKINS, JR.",,,,
20030401__il__municipal_runoffs__precinct.json,il-chicago-2003-04-01-runoff,IL,Chicago,precinct,ward 21 precinct 4,124,,2003-04-01T00:00:00.000Z,runoff,certified,false,ObjectId(564ab3b011956859da245d06),,,IL,,Chicago,Alderman,Ward 21,"HOWARD B. BROOKINS, JR.",,,,
20030401__il__municipal_runoffs__precinct.json,il-chicago-2003-04-01-runoff,IL,Chicago,precinct,ward 21 precinct 5,95,,2003-04-01T00:00:00.000Z,runoff,certified,false,ObjectId(564ab3b011956859da245d06),,,IL,,Chicago,Alderman,Ward 21,"HOWARD B. BROOKINS, JR.",,,,
20030401__il__municipal_runoffs__precinct.json,il-chicago-2003-04-01-runoff,IL,Chicago,precinct,ward 21 precinct 6,79,,2003-04-01T00:00:00.000Z,runoff,certified,false,ObjectId(564ab3b011956859da245d06),,,IL,,Chicago,Alderman,Ward 21,"HOWARD B. BROOKINS, JR.",,,,
20030401__il__municipal_runoffs__precinct.json,il-chicago-2003-04-01-runoff,IL,Chicago,precinct,ward 21 precinct 7,113,,2003-04-01T00:00:00.000Z,runoff,certified,false,ObjectId(564ab3b011956859da245d06),,,IL,,Chicago,Alderman,Ward 21,"HOWARD B. BROOKINS, JR.",,,,
20030401__il__municipal_runoffs__precinct.json,il-chicago-2003-04-01-runoff,IL,Chicago,precinct,ward 21 precinct 8,75,,2003-04-01T00:00:00.000Z,runoff,certified,false,ObjectId(564ab3b011956859da245d06),,,IL,,Chicago,Alderman,Ward 21,"HOWARD B. BROOKINS, JR.",,,,
20030401__il__municipal_runoffs__precinct.json,il-chicago-2003-04-01-runoff,IL,Chicago,precinct,ward 21 precinct 9,66,,2003-04-01T00:00:00.000Z,runoff,certified,false,ObjectId(564ab3b011956859da245d06),,,IL,,Chicago,Alderman,Ward 21,"HOWARD B. BROOKINS, JR.",,,,
20030401__il__municipal_runoffs__precinct.json,il-chicago-2003-04-01-runoff,IL,Chicago,precinct,ward 21 precinct 10,70,,2003-04-01T00:00:00.000Z,runoff,certified,false,ObjectId(564ab3b011956859da245d06),,,IL,,Chicago,Alderman,Ward 21,"HOWARD B. BROOKINS, JR.",,,,
20030401__il__municipal_runoffs__precinct.json,il-chicago-2003-04-01-runoff,IL,Chicago,precinct,ward 21 precinct 11,102,,2003-04-01T00:00:00.000Z,runoff,certified,false,ObjectId(564ab3b011956859da245d06),,,IL,,Chicago,Alderman,Ward 21,"HOWARD B. BROOKINS, JR.",,,,
20030401__il__municipal_runoffs__precinct.json,il-chicago-2003-04-01-runoff,IL,Chicago,precinct,ward 21 precinct 12,160,,2003-04-01T00:00:00.000Z,runoff,certified,false,ObjectId(564ab3b011956859da245d06),,,IL,,Chicago,Alderman,Ward 21,"HOWARD B. BROOKINS, JR.",,,,
20030401__il__municipal_runoffs__precinct.json,il-chicago-2003-04-01-runoff,IL,Chicago,precinct,ward 21 precinct 13,42,,2003-04-01T00:00:00.000Z,runoff,certified,false,ObjectId(564ab3b011956859da245d06),,,IL,,Chicago,Alderman,Ward 21,"HOWARD B. BROOKINS, JR.",,,,
20030401__il__municipal_runoffs__precinct.json,il-chicago-2003-04-01-runoff,IL,Chicago,precinct,ward 21 precinct 14,69,,2003-04-01T00:00:00.000Z,runoff,certified,false,ObjectId(564ab3b011956859da245d06),,,IL,,Chicago,Alderman,Ward 21,"HOWARD B. BROOKINS, JR.",,,,
20030401__il__municipal_runoffs__precinct.json,il-chicago-2003-04-01-runoff,IL,Chicago,precinct,ward 21 precinct 15,39,,2003-04-01T00:00:00.000Z,runoff,certified,false,ObjectId(564ab3b011956859da245d06),,,IL,,Chicago,Alderman,Ward 21,"HOWARD B. BROOKINS, JR.",,,,
20030401__il__municipal_runoffs__precinct.json,il-chicago-2003-04-01-runoff,IL,Chicago,precinct,ward 21 precinct 16,79,,2003-04-01T00:00:00.000Z,runoff,certified,false,ObjectId(564ab3b011956859da245d06),,,IL,,Chicago,Alderman,Ward 21,"HOWARD B. BROOKINS, JR.",,,,
20030401__il__municipal_runoffs__precinct.json,il-chicago-2003-04-01-runoff,IL,Chicago,precinct,ward 21 precinct 17,47,,2003-04-01T00:00:00.000Z,runoff,certified,false,ObjectId(564ab3b011956859da245d06),,,IL,,Chicago,Alderman,Ward 21,"HOWARD B. BROOKINS, JR.",,,,
20030401__il__municipal_runoffs__precinct.json,il-chicago-2003-04-01-runoff,IL,Chicago,precinct,ward 21 precinct 18,78,,2003-04-01T00:00:00.000Z,runoff,certified,false,ObjectId(564ab3b011956859da245d06),,,IL,,Chicago,Alderman,Ward 21,"HOWARD B. BROOKINS, JR.",,,,
20030401__il__municipal_runoffs__precinct.json,il-chicago-2003-04-01-runoff,IL,Chicago,precinct,ward 21 precinct 19,73,,2003-04-01T00:00:00.000Z,runoff,certified,false,ObjectId(564ab3b011956859da245d06),,,IL,,Chicago,Alderman,Ward 21,"HOWARD B. BROOKINS, JR.",,,,
20030401__il__municipal_runoffs__precinct.json,il-chicago-2003-04-01-runoff,IL,Chicago,precinct,ward 21 precinct 20,43,,2003-04-01T00:00:00.000Z,runoff,certified,false,ObjectId(564ab3b011956859da245d06),,,IL,,Chicago,Alderman,Ward 21,"HOWARD B. BROOKINS, JR.",,,,
20030401__il__municipal_runoffs__precinct.json,il-chicago-2003-04-01-runoff,IL,Chicago,precinct,ward 21 precinct 21,125,,2003-04-01T00:00:00.000Z,runoff,certified,false,ObjectId(564ab3b011956859da245d06),,,IL,,Chicago,Alderman,Ward 21,"HOWARD B. BROOKINS, JR.",,,,
20030401__il__municipal_runoffs__precinct.json,il-chicago-2003-04-01-runoff,IL,Chicago,precinct,ward 21 precinct 22,88,,2003-04-01T00:00:00.000Z,runoff,certified,false,ObjectId(564ab3b011956859da245d06),,,IL,,Chicago,Alderman,Ward 21,"HOWARD B. BROOKINS, JR.",,,,
20030401__il__municipal_runoffs__precinct.json,il-chicago-2003-04-01-runoff,IL,Chicago,precinct,ward 21 precinct 23,95,,2003-04-01T00:00:00.000Z,runoff,certified,false,ObjectId(564ab3b011956859da245d06),,,IL,,Chicago,Alderman,Ward 21,"HOWARD B. BROOKINS, JR.",,,,
20030401__il__municipal_runoffs__precinct.json,il-chicago-2003-04-01-runoff,IL,Chicago,precinct,ward 21 precinct 24,78,,2003-04-01T00:00:00.000Z,runoff,certified,false,ObjectId(564ab3b011956859da245d06),,,IL,,Chicago,Alderman,Ward 21,"HOWARD B. BROOKINS, JR.",,,,
20030401__il__municipal_runoffs__precinct.json,il-chicago-2003-04-01-runoff,IL,Chicago,precinct,ward 21 precinct 25,86,,2003-04-01T00:00:00.000Z,runoff,certified,false,ObjectId(564ab3b011956859da245d06),,,IL,,Chicago,Alderman,Ward 21,"HOWARD B. BROOKINS, JR.",,,,
20030401__il__municipal_runoffs__precinct.json,il-chicago-2003-04-01-runoff,IL,Chicago,precinct,ward 21 precinct 26,89,,2003-04-01T00:00:00.000Z,runoff,certified,false,ObjectId(564ab3b011956859da245d06),,,IL,,Chicago,Alderman,Ward 21,"HOWARD B. BROOKINS, JR.",,,,
20030401__il__municipal_runoffs__precinct.json,il-chicago-2003-04-01-runoff,IL,Chicago,precinct,ward 21 precinct 27,73,,2003-04-01T00:00:00.000Z,runoff,certified,false,ObjectId(564ab3b011956859da245d06),,,IL,,Chicago,Alderman,Ward 21,"HOWARD B. BROOKINS, JR.",,,,
20030401__il__municipal_runoffs__precinct.json,il-chicago-2003-04-01-runoff,IL,Chicago,precinct,ward 21 precinct 28,69,,2003-04-01T00:00:00.000Z,runoff,certified,false,ObjectId(564ab3b011956859da245d06),,,IL,,Chicago,Alderman,Ward 21,"HOWARD B. BROOKINS, JR.",,,,
20030401__il__municipal_runoffs__precinct.json,il-chicago-2003-04-01-runoff,IL,Chicago,precinct,ward 21 precinct 29,19,,2003-04-01T00:00:00.000Z,runoff,certified,false,ObjectId(564ab3b011956859da245d06),,,IL,,Chicago,Alderman,Ward 21,"HOWARD B. BROOKINS, JR.",,,,
20030401__il__municipal_runoffs__precinct.json,il-chicago-2003-04-01-runoff,IL,Chicago,precinct,ward 21 precinct 30,57,,2003-04-01T00:00:00.000Z,runoff,certified,false,ObjectId(564ab3b011956859da245d06),,,IL,,Chicago,Alderman,Ward 21,"HOWARD B. BROOKINS, JR.",,,,
20030401__il__municipal_runoffs__precinct.json,il-chicago-2003-04-01-runoff,IL,Chicago,precinct,ward 21 precinct 31,74,,2003-04-01T00:00:00.000Z,runoff,certified,false,ObjectId(564ab3b011956859da245d06),,,IL,,Chicago,Alderman,Ward 21,"HOWARD B. BROOKINS, JR.",,,,
20030401__il__municipal_runoffs__precinct.json,il-chicago-2003-04-01-runoff,IL,Chicago,precinct,ward 21 precinct 32,31,,2003-04-01T00:00:00.000Z,runoff,certified,false,ObjectId(564ab3b011956859da245d06),,,IL,,Chicago,Alderman,Ward 21,"HOWARD B. BROOKINS, JR.",,,,
20030401__il__municipal_runoffs__precinct.json,il-chicago-2003-04-01-runoff,IL,Chicago,precinct,ward 21 precinct 33,110,,2003-04-01T00:00:00.000Z,runoff,certified,false,ObjectId(564ab3b011956859da245d06),,,IL,,Chicago,Alderman,Ward 21,"HOWARD B. BROOKINS, JR.",,,,
20030401__il__municipal_runoffs__precinct.json,il-chicago-2003-04-01-runoff,IL,Chicago,precinct,ward 21 precinct 34,100,,2003-04-01T00:00:00.000Z,runoff,certified,false,ObjectId(564ab3b011956859da245d06),,,IL,,Chicago,Alderman,Ward 21,"HOWARD B. BROOKINS, JR.",,,,
20030401__il__municipal_runoffs__precinct.json,il-chicago-2003-04-01-runoff,IL,Chicago,precinct,ward 21 precinct 35,48,,2003-04-01T00:00:00.000Z,runoff,certified,false,ObjectId(564ab3b011956859da245d06),,,IL,,Chicago,Alderman,Ward 21,"HOWARD B. BROOKINS, JR.",,,,
20030401__il__municipal_runoffs__precinct.json,il-chicago-2003-04-01-runoff,IL,Chicago,precinct,ward 21 precinct 36,61,,2003-04-01T00:00:00.000Z,runoff,certified,false,ObjectId(564ab3b011956859da245d06),,,IL,,Chicago,Alderman,Ward 21,"HOWARD B. BROOKINS, JR.",,,,
20030401__il__municipal_runoffs__precinct.json,il-chicago-2003-04-01-runoff,IL,Chicago,precinct,ward 21 precinct 37,49,,2003-04-01T00:00:00.000Z,runoff,certified,false,ObjectId(564ab3b011956859da245d06),,,IL,,Chicago,Alderman,Ward 21,"HOWARD B. BROOKINS, JR.",,,,
20030401__il__municipal_runoffs__precinct.json,il-chicago-2003-04-01-runoff,IL,Chicago,precinct,ward 21 precinct 38,70,,2003-04-01T00:00:00.000Z,runoff,certified,false,ObjectId(564ab3b011956859da245d06),,,IL,,Chicago,Alderman,Ward 21,"HOWARD B. BROOKINS, JR.",,,,
20030401__il__municipal_runoffs__precinct.json,il-chicago-2003-04-01-runoff,IL,Chicago,precinct,ward 21 precinct 39,59,,2003-04-01T00:00:00.000Z,runoff,certified,false,ObjectId(564ab3b011956859da245d06),,,IL,,Chicago,Alderman,Ward 21,"HOWARD B. BROOKINS, JR.",,,,
20030401__il__municipal_runoffs__precinct.json,il-chicago-2003-04-01-runoff,IL,Chicago,precinct,ward 21 precinct 40,104,,2003-04-01T00:00:00.000Z,runoff,certified,false,ObjectId(564ab3b011956859da245d06),,,IL,,Chicago,Alderman,Ward 21,"HOWARD B. BROOKINS, JR.",,,,
20030401__il__municipal_runoffs__precinct.json,il-chicago-2003-04-01-runoff,IL,Chicago,precinct,ward 21 precinct 41,51,,2003-04-01T00:00:00.000Z,runoff,certified,false,ObjectId(564ab3b011956859da245d06),,,IL,,Chicago,Alderman,Ward 21,"HOWARD B. BROOKINS, JR.",,,,
20030401__il__municipal_runoffs__precinct.json,il-chicago-2003-04-01-runoff,IL,Chicago,precinct,ward 21 precinct 42,88,,2003-04-01T00:00:00.000Z,runoff,certified,false,ObjectId(564ab3b011956859da245d06),,,IL,,Chicago,Alderman,Ward 21,"HOWARD B. BROOKINS, JR.",,,,
20030401__il__municipal_runoffs__precinct.json,il-chicago-2003-04-01-runoff,IL,Chicago,precinct,ward 21 precinct 43,86,,2003-04-01T00:00:00.000Z,runoff,certified,false,ObjectId(564ab3b011956859da245d06),,,IL,,Chicago,Alderman,Ward 21,"HOWARD B. BROOKINS, JR.",,,,
20030401__il__municipal_runoffs__precinct.json,il-chicago-2003-04-01-runoff,IL,Chicago,precinct,ward 21 precinct 44,78,,2003-04-01T00:00:00.000Z,runoff,certified,false,ObjectId(564ab3b011956859da245d06),,,IL,,Chicago,Alderman,Ward 21,"HOWARD B. BROOKINS, JR.",,,,
20030401__il__municipal_runoffs__precinct.json,il-chicago-2003-04-01-runoff,IL,Chicago,precinct,ward 21 precinct 45,72,,2003-04-01T00:00:00.000Z,runoff,certified,false,ObjectId(564ab3b011956859da245d06),,,IL,,Chicago,Alderman,Ward 21,"HOWARD B. BROOKINS, JR.",,,,
20030401__il__municipal_runoffs__precinct.json,il-chicago-2003-04-01-runoff,IL,Chicago,precinct,ward 21 precinct 46,67,,2003-04-01T00:00:00.000Z,runoff,certified,false,ObjectId(564ab3b011956859da245d06),,,IL,,Chicago,Alderman,Ward 21,"HOWARD B. BROOKINS, JR.",,,,
20030401__il__municipal_runoffs__precinct.json,il-chicago-2003-04-01-runoff,IL,Chicago,precinct,ward 21 precinct 47,127,,2003-04-01T00:00:00.000Z,runoff,certified,false,ObjectId(564ab3b011956859da245d06),,,IL,,Chicago,Alderman,Ward 21,"HOWARD B. BROOKINS, JR.",,,,
20030401__il__municipal_runoffs__precinct.json,il-chicago-2003-04-01-runoff,IL,Chicago,precinct,ward 21 precinct 48,111,,2003-04-01T00:00:00.000Z,runoff,certified,false,ObjectId(564ab3b011956859da245d06),,,IL,,Chicago,Alderman,Ward 21,"HOWARD B. BROOKINS, JR.",,,,
20030401__il__municipal_runoffs__precinct.json,il-chicago-2003-04-01-runoff,IL,Chicago,precinct,ward 21 precinct 49,153,,2003-04-01T00:00:00.000Z,runoff,certified,false,ObjectId(564ab3b011956859da245d06),,,IL,,Chicago,Alderman,Ward 21,"HOWARD B. BROOKINS, JR.",,,,
20030401__il__municipal_runoffs__precinct.json,il-chicago-2003-04-01-runoff,IL,Chicago,precinct,ward 21 precinct 50,102,,2003-04-01T00:00:00.000Z,runoff,certified,false,ObjectId(564ab3b011956859da245d06),,,IL,,Chicago,Alderman,Ward 21,"HOWARD B. BROOKINS, JR.",,,,
20030401__il__municipal_runoffs__precinct.json,il-chicago-2003-04-01-runoff,IL,Chicago,precinct,ward 21 precinct 51,86,,2003-04-01T00:00:00.000Z,runoff,certified,false,ObjectId(564ab3b011956859da245d06),,,IL,,Chicago,Alderman,Ward 21,"HOWARD B. BROOKINS, JR.",,,,
20030401__il__municipal_runoffs__precinct.json,il-chicago-2003-04-01-runoff,IL,Chicago,precinct,ward 21 precinct 52,60,,2003-04-01T00:00:00.000Z,runoff,certified,false,ObjectId(564ab3b011956859da245d06),,,IL,,Chicago,Alderman,Ward 21,"HOWARD B. BROOKINS, JR.",,,,
20030401__il__municipal_runoffs__precinct.json,il-chicago-2003-04-01-runoff,IL,Chicago,precinct,ward 21 precinct 53,97,,2003-04-01T00:00:00.000Z,runoff,certified,false,ObjectId(564ab3b011956859da245d06),,,IL,,Chicago,Alderman,Ward 21,"HOWARD B. BROOKINS, JR.",,,,
20030401__il__municipal_runoffs__precinct.json,il-chicago-2003-04-01-runoff,IL,Chicago,precinct,ward 21 precinct 54,85,,2003-04-01T00:00:00.000Z,runoff,certified,false,ObjectId(564ab3b011956859da245d06),,,IL,,Chicago,Alderman,Ward 21,"HOWARD B. BROOKINS, JR.",,,,
20030401__il__municipal_runoffs__precinct.json,il-chicago-2003-04-01-runoff,IL,Chicago,precinct,ward 21 precinct 55,84,,2003-04-01T00:00:00.000Z,runoff,certified,false,ObjectId(564ab3b011956859da245d06),,,IL,,Chicago,Alderman,Ward 21,"HOWARD B. BROOKINS, JR.",,,,
20030401__il__municipal_runoffs__precinct.json,il-chicago-2003-04-01-runoff,IL,Chicago,precinct,ward 21 precinct 56,45,,2003-04-01T00:00:00.000Z,runoff,certified,false,ObjectId(564ab3b011956859da245d06),,,IL,,Chicago,Alderman,Ward 21,"HOWARD B. BROOKINS, JR.",,,,
20030401__il__municipal_runoffs__precinct.json,il-chicago-2003-04-01-runoff,IL,Chicago,precinct,ward 21 precinct 57,62,,2003-04-01T00:00:00.000Z,runoff,certified,false,ObjectId(564ab3b011956859da245d06),,,IL,,Chicago,Alderman,Ward 21,"HOWARD B. BROOKINS, JR.",,,,
20030401__il__municipal_runoffs__precinct.json,il-chicago-2003-04-01-runoff,IL,Chicago,precinct,ward 21 precinct 58,78,,2003-04-01T00:00:00.000Z,runoff,certified,false,ObjectId(564ab3b011956859da245d06),,,IL,,Chicago,Alderman,Ward 21,"HOWARD B. BROOKINS, JR.",,,,
20030401__il__municipal_runoffs__precinct.json,il-chicago-2003-04-01-runoff,IL,Chicago,precinct,ward 21 precinct 59,98,,2003-04-01T00:00:00.000Z,runoff,certified,false,ObjectId(564ab3b011956859da245d06),,,IL,,Chicago,Alderman,Ward 21,"HOWARD B. BROOKINS, JR.",,,,
20030401__il__municipal_runoffs__precinct.json,il-chicago-2003-04-01-runoff,IL,Chicago,precinct,ward 21 precinct 60,90,,2003-04-01T00:00:00.000Z,runoff,certified,false,ObjectId(564ab3b011956859da245d06),,,IL,,Chicago,Alderman,Ward 21,"HOWARD B. BROOKINS, JR.",,,,
20030401__il__municipal_runoffs__precinct.json,il-chicago-2003-04-01-runoff,IL,Chicago,precinct,ward 21 precinct 61,106,,2003-04-01T00:00:00.000Z,runoff,certified,false,ObjectId(564ab3b011956859da245d06),,,IL,,Chicago,Alderman,Ward 21,"HOWARD B. BROOKINS, JR.",,,,
20030401__il__municipal_runoffs__precinct.json,il-chicago-2003-04-01-runoff,IL,Chicago,precinct,ward 21 precinct 62,69,,2003-04-01T00:00:00.000Z,runoff,certified,false,ObjectId(564ab3b011956859da245d06),,,IL,,Chicago,Alderman,Ward 21,"HOWARD B. BROOKINS, JR.",,,,
20030401__il__municipal_runoffs__precinct.json,il-chicago-2003-04-01-runoff,IL,Chicago,precinct,ward 21 precinct 63,88,,2003-04-01T00:00:00.000Z,runoff,certified,false,ObjectId(564ab3b011956859da245d06),,,IL,,Chicago,Alderman,Ward 21,"HOWARD B. BROOKINS, JR.",,,,
20030401__il__municipal_runoffs__precinct.json,il-chicago-2003-04-01-runoff,IL,Chicago,precinct,ward 21 precinct 64,49,,2003-04-01T00:00:00.000Z,runoff,certified,false,ObjectId(564ab3b011956859da245d06),,,IL,,Chicago,Alderman,Ward 21,"HOWARD B. BROOKINS, JR.",,,,
20030401__il__municipal_runoffs__precinct.json,il-chicago-2003-04-01-runoff,IL,Chicago,precinct,ward 21 precinct 65,108,,2003-04-01T00:00:00.000Z,runoff,certified,false,ObjectId(564ab3b011956859da245d06),,,IL,,Chicago,Alderman,Ward 21,"HOWARD B. BROOKINS, JR.",,,,
20030401__il__municipal_runoffs__precinct.json,il-chicago-2003-04-01-runoff,IL,Chicago,precinct,ward 21 precinct 66,99,,2003-04-01T00:00:00.000Z,runoff,certified,false,ObjectId(564ab3b011956859da245d06),,,IL,,Chicago,Alderman,Ward 21,"HOWARD B. BROOKINS, JR.",,,,
20030401__il__municipal_runoffs__precinct.json,il-chicago-2003-04-01-runoff,IL,Chicago,precinct,ward 21 precinct 67,64,,2003-04-01T00:00:00.000Z,runoff,certified,false,ObjectId(564ab3b011956859da245d06),,,IL,,Chicago,Alderman,Ward 21,"HOWARD B. BROOKINS, JR.",,,,
20030401__il__municipal_runoffs__precinct.json,il-chicago-2003-04-01-runoff,IL,Chicago,precinct,ward 21 precinct 68,74,,2003-04-01T00:00:00.000Z,runoff,certified,false,ObjectId(564ab3b011956859da245d06),,,IL,,Chicago,Alderman,Ward 21,"HOWARD B. BROOKINS, JR.",,,,
20030401__il__municipal_runoffs__precinct.json,il-chicago-2003-04-01-runoff,IL,Chicago,precinct,ward 21 precinct 69,66,,2003-04-01T00:00:00.000Z,runoff,certified,false,ObjectId(564ab3b011956859da245d06),,,IL,,Chicago,Alderman,Ward 21,"HOWARD B. BROOKINS, JR.",,,,
20030401__il__municipal_runoffs__precinct.json,il-chicago-2003-04-01-runoff,IL,Chicago,precinct,ward 21 precinct 70,84,,2003-04-01T00:00:00.000Z,runoff,certified,false,ObjectId(564ab3b011956859da245d06),,,IL,,Chicago,Alderman,Ward 21,"HOWARD B. BROOKINS, JR.",,,,
20030401__il__municipal_runoffs__precinct.json,il-chicago-2003-04-01-runoff,IL,Chicago,precinct,ward 21 precinct 71,77,,2003-04-01T00:00:00.000Z,runoff,certified,false,ObjectId(564ab3b011956859da245d06),,,IL,,Chicago,Alderman,Ward 21,"HOWARD B. BROOKINS, JR.",,,,
20030401__il__municipal_runoffs__precinct.json,il-chicago-2003-04-01-runoff,IL,Chicago,precinct,ward 21 precinct 72,47,,2003-04-01T00:00:00.000Z,runoff,certified,false,ObjectId(564ab3b011956859da245d06),,,IL,,Chicago,Alderman,Ward 21,"HOWARD B. BROOKINS, JR.",,,,
20030401__il__municipal_runoffs__precinct.json,il-chicago-2003-04-01-runoff,IL,Chicago,precinct,ward 21 precinct 73,107,,2003-04-01T00:00:00.000Z,runoff,certified,false,ObjectId(564ab3b011956859da245d06),,,IL,,Chicago,Alderman,Ward 21,"HOWARD B. BROOKINS, JR.",,,,
20030401__il__municipal_runoffs__precinct.json,il-chicago-2003-04-01-runoff,IL,Chicago,precinct,ward 21 precinct 74,13,,2003-04-01T00:00:00.000Z,runoff,certified,false,ObjectId(564ab3b011956859da245d06),,,IL,,Chicago,Alderman,Ward 21,"HOWARD B. BROOKINS, JR.",,,,
20030401__il__municipal_runoffs__precinct.json,il-chicago-2003-04-01-runoff,IL,Chicago,precinct,ward 21 precinct 75,47,,2003-04-01T00:00:00.000Z,runoff,certified,false,ObjectId(564ab3b011956859da245d06),,,IL,,Chicago,Alderman,Ward 21,"HOWARD B. BROOKINS, JR.",,,,
20030401__il__municipal_runoffs__precinct.json,il-chicago-2003-04-01-runoff,IL,Chicago,precinct,ward 21 precinct 76,80,,2003-04-01T00:00:00.000Z,runoff,certified,false,ObjectId(564ab3b011956859da245d06),,,IL,,Chicago,Alderman,Ward 21,"HOWARD B. BROOKINS, JR.",,,,
